<?xml version="1.0" encoding="UTF-8"?>
<options>

  <configurable id="preferences.keymap" configurable_name="Keymap">

    <option name="keymap">
      <synonym>Mapping</synonym>
      <synonym>Map keys</synonym>
      <synonym>Create mapping</synonym>
      <synonym>Create keymap</synonym>
      <synonym>New keymap</synonym>
      <synonym>Add keymap</synonym>
      <synonym>Manage keymaps</synonym>
      <synonym>Keyboard scheme</synonym>
      <synonym>Mac OS X keymap</synonym>
      <synonym>Emacs keymap</synonym>
      <synonym>Visual Studio keymap</synonym>
      <synonym>Manage shortcuts</synonym>
      <synonym>Keyboard shortcuts</synonym>
      <synonym>Multiple keymaps</synonym>
      <synonym>JBuilder keymap</synonym>
      <synonym>Activate keymap</synonym>
      <synonym>Change current keymap</synonym>
      <synonym>Set keymap</synonym>
      <synonym>Activate keymap</synonym>
    </option>

    <synonym>Manage Quick Lists</synonym>
    <synonym>New Quick List</synonym>
    <synonym>Edit Quick List</synonym>
    <synonym>Switch to Quick List</synonym>
    <synonym>Delete Quick List</synonym>

  </configurable>

  <configurable id="project.propCompiler" configurable_name="Compiler">
  </configurable>
  <configurable id="preferences.lookFeel" configurable_name="Appearance">
  </configurable>
  <configurable id="preferences.sourceCode" configurable_name="Global&#10;Code Style">
  </configurable>
  <configurable id="project.propVCSSupport" configurable_name="Version Control">
  </configurable>
  <configurable id="preferences.sourceCode" configurable_name="Project&#10;Code Style">
  </configurable>
  <configurable id="project.propLocalVCS" configurable_name="Local History">
    <synonym>Recover</synonym>
    <synonym>View project changes</synonym>
    <synonym>Roll back changes</synonym>
    <synonym>Label project</synonym>
    <synonym>Revert project</synonym>
    <synonym>Restore project</synonym>
    <synonym>View project history</synonym>
    <synonym>Compare versions</synonym>
    <synonym>View project revisions</synonym>

  </configurable>
  <configurable id="preferences.general" configurable_name="General">
    <synonym>abracadabra</synonym>
  </configurable>
  <configurable id="preferences.codeCompletion" configurable_name="Code Completion">
  </configurable>

  <configurable id="preferences.externalResources" configurable_name="Resources">
    <synonym>New external resource</synonym>
    <synonym>Remove external resource</synonym>
    <synonym>Edit external resource</synonym>
    <synonym>Set resource locations</synonym>
    <synonym>Locate external resources</synonym>
    <synonym>External resource settings</synonym>
    <synonym>Manage external resources</synonym>
  </configurable>


  <configurable id="preferences.customizations" configurable_name="Customizations">

    <synonym>Customize interface</synonym>
    <synonym>Customize menu</synonym>
    <synonym>Customize toolbar</synonym>
    <synonym>Add toolbar button</synonym>
    <synonym>Remove toolbar button</synonym>
    <synonym>Edit toolbar button</synonym>
    <synonym>Add menu or submenu</synonym>
    <synonym>Remove or submenu</synonym>
    <synonym>Edit menu or submenu</synonym>
    <synonym>Rearrange toolbar buttons</synonym>
    <synonym>Rearrange menus or submenus</synonym>
    <synonym>Add menu or submenu</synonym>
    <synonym>Edit menu elements</synonym>
    <synonym>Remove menu or submenu</synonym>
    <synonym>Edit menu or submenu</synonym>
    <synonym>Change icon for toolbar button or menu item</synonym>
    <synonym>Set icon for toolbar button or menu item</synonym>
    <synonym>Set interface scheme</synonym>
    <synonym>Create interface scheme</synonym>
    <synonym>Delete interface scheme</synonym>
    <synonym>Select interface scheme</synonym>

  </configurable>

  <configurable id="preferences.updates" configurable_name="Updates">
    <synonym>Automatic update</synonym>
    <synonym>Turn off automatic update</synonym>
    <synonym>Check version</synonym>
    <synonym>Update IDEA</synonym>
    <synonym>Manual update</synonym>

  </configurable>

  <configurable id="errors" configurable_name="Errors">
  </configurable>

  <configurable id="preferences.toDoOptions" configurable_name="TODO">
    <synonym>View todo list</synonym>
    <synonym>Manage todo list</synonym>
    <synonym>Add todo</synonym>
    <synonym>Remove todo</synonym>
    <synonym>Filter todo list</synonym>
    <synonym>Manage todo list filters</synonym>
    <synonym>Add todo list filter</synonym>
    <synonym>Remove todo list filter</synonym>
    <synonym>Task list</synonym>
    <synonym>Task list</synonym>


  </configurable>


  <configurable id="editing.templates" configurable_name="Live Templates">
    <synonym>Code template</synonym>
    <synonym>Surround code with template</synonym>
    <synonym>Create code template</synonym>
    <synonym>Manage code templates</synonym>
    <synonym>Add code template</synonym>
    <synonym>Remove code template</synonym>
    <synonym>Define new code template</synonym>
    <synonym>Modify code template</synonym>

  </configurable>

  <configurable id="preferences.applicationServers" configurable_name="Application Servers">
    <synonym>J2EE Build Settings</synonym>
    <synonym>Manage Application Server Validations</synonym>
    <synonym>J2EE Application settings</synonym>
    <synonym>Manage JAR, exploded directory and WAR settings</synonym>
    <synonym>J2EE Application Settings</synonym>
    <synonym>Set application descriptor</synonym>
    <synonym>J2EE Application Deployment settings</synonym>
    <synonym>J2EE Application Settings</synonym>
    <synonym>J2EE Application Settings</synonym>
    <synonym>Manage deployment descriptors</synonym>
    <synonym>Manage modules settings</synonym>
    <synonym>J2EE Application Settings</synonym>

  </configurable>


  <configurable id="preferences.colorsFonts" configurable_name="Colors &amp; Fonts">
  </configurable>
  <configurable id="preferences.jdkGlobalLibs" configurable_name="JDK &amp;&#10;Global Libraries">
  </configurable>
  <configurable id="preferences.fileTypes" configurable_name="File Types">

    <synonym>New file type</synonym>
    <synonym>Remove file type</synonym>
    <synonym>Edit file type</synonym>
    <synonym>Manage file types</synonym>
    <synonym>Edit file extensions</synonym>
    <synonym>Edit file associations</synonym>
    <synonym></synonym>

  </configurable>
  <configurable id="project.propGUI" configurable_name="GUI Designer">

  </configurable>
  <configurable id="fileTemplates" configurable_name="File Templates">

    <synonym>Code template</synonym>
    <synonym>Custom template</synonym>
    <synonym>Custom include</synonym>
    <synonym>Include template</synonym>
    <synonym>J2EE template</synonym>
    <synonym>New template</synonym>
    <synonym>Add template</synonym>
    <synonym>File template</synonym>
    <synonym>Manage templates</synonym>

  </configurable>

  <configurable id="preferences.editor" configurable_name="Editor">

  </configurable>

  <configurable id="preferences.externalTools" configurable_name="External Tools">
    <synonym>Manage tools</synonym>
    <synonym>Configure tools</synonym>
    <synonym>Organize tools</synonym>
    <synonym>Remove tools</synonym>
    <synonym>External tools settings</synonym>
    <synonym>Plug a tool in IDEA</synonym>
    <synonym>Process external resource</synonym>

  </configurable>

  <configurable id="preferences.intentionPowerPack" configurable_name="Intention Settings">
    <synonym>Quick fixes</synonym>
    <synonym>Error highlighting</synonym>
    <synonym>On the fly error detection</synonym>
    <synonym>Intention actions</synonym>
    <synonym>Code error highlighting</synonym>

  </configurable>

  <configurable id="preferences.pathVariables" configurable_name="Path Variables">
    <synonym>Environment settings</synonym>
    <synonym>Environment strings</synonym>
    <synonym>System path</synonym>
    <synonym>Alternative path</synonym>
    <synonym>Search locations</synonym>

  </configurable>

  <configurable id="preferences.pluginManager" configurable_name="Plugins">
    <synonym>Manage plugins</synonym>
    <synonym>Install plugins</synonym>
    <synonym>Remove plugins</synonym>
    <synonym>Configure plugins</synonym>
    <synonym>Update plugins</synonym>
    <synonym>View plugins</synonym>
    <synonym>View plugin statistics</synonym>
    </configurable>

  <configurable id="web.server" configurable_name="Deployment">
    <synonym>Server</synonym>
    <synonym>Host</synonym>
    <synonym>Remote</synonym>
    <synonym>Web Path</synonym>
  </configurable>

</options>

